{
  "_format": "hh-sol-cache-2",
  "files": {
    "E:\\Golden\\Projects\\codeninja819\\golden-number\\contracts\\RalphTickets.sol": {
      "lastModificationDate": 1697000294125,
      "contentHash": "789e0d33fd16e78e3469c1154b00c232",
      "sourceName": "contracts/RalphTickets.sol",
      "solcConfig": {
        "version": "0.8.19",
        "settings": {
          "optimizer": {
            "enabled": false,
            "runs": 200
          },
          "outputSelection": {
            "*": {
              "*": [
                "abi",
                "evm.bytecode",
                "evm.deployedBytecode",
                "evm.methodIdentifiers",
                "metadata"
              ],
              "": [
                "ast"
              ]
            }
          }
        }
      },
      "imports": [
        "@openzeppelin/contracts/access/Ownable.sol",
        "@openzeppelin/contracts/security/ReentrancyGuard.sol",
        "@openzeppelin/contracts/token/ERC20/IERC20.sol",
        "@chainlink/contracts/src/v0.8/vrf/VRFV2WrapperConsumerBase.sol",
        "@uniswap/v2-periphery/contracts/interfaces/IUniswapV2Router02.sol"
      ],
      "versionPragmas": [
        "^0.8.9"
      ],
      "artifacts": [
        "RalphTickets"
      ]
    },
    "E:\\Golden\\Projects\\codeninja819\\golden-number\\node_modules\\@uniswap\\v2-periphery\\contracts\\interfaces\\IUniswapV2Router02.sol": {
      "lastModificationDate": 1696857686414,
      "contentHash": "3fd36426274a5b35f7e702f87ba08a8e",
      "sourceName": "@uniswap/v2-periphery/contracts/interfaces/IUniswapV2Router02.sol",
      "solcConfig": {
        "version": "0.8.19",
        "settings": {
          "optimizer": {
            "enabled": false,
            "runs": 200
          },
          "outputSelection": {
            "*": {
              "*": [
                "abi",
                "evm.bytecode",
                "evm.deployedBytecode",
                "evm.methodIdentifiers",
                "metadata"
              ],
              "": [
                "ast"
              ]
            }
          }
        }
      },
      "imports": [
        "./IUniswapV2Router01.sol"
      ],
      "versionPragmas": [
        ">=0.6.2"
      ],
      "artifacts": [
        "IUniswapV2Router02"
      ]
    },
    "E:\\Golden\\Projects\\codeninja819\\golden-number\\node_modules\\@openzeppelin\\contracts\\access\\Ownable.sol": {
      "lastModificationDate": 1696821010372,
      "contentHash": "4fe56b59ced59d87df6b796758f62895",
      "sourceName": "@openzeppelin/contracts/access/Ownable.sol",
      "solcConfig": {
        "version": "0.8.19",
        "settings": {
          "optimizer": {
            "enabled": false,
            "runs": 200
          },
          "outputSelection": {
            "*": {
              "*": [
                "abi",
                "evm.bytecode",
                "evm.deployedBytecode",
                "evm.methodIdentifiers",
                "metadata"
              ],
              "": [
                "ast"
              ]
            }
          }
        }
      },
      "imports": [
        "../utils/Context.sol"
      ],
      "versionPragmas": [
        "^0.8.0"
      ],
      "artifacts": [
        "Ownable"
      ]
    },
    "E:\\Golden\\Projects\\codeninja819\\golden-number\\node_modules\\@openzeppelin\\contracts\\security\\ReentrancyGuard.sol": {
      "lastModificationDate": 1696821010382,
      "contentHash": "53fbff678f378956efcb207fa748eaa6",
      "sourceName": "@openzeppelin/contracts/security/ReentrancyGuard.sol",
      "solcConfig": {
        "version": "0.8.19",
        "settings": {
          "optimizer": {
            "enabled": false,
            "runs": 200
          },
          "outputSelection": {
            "*": {
              "*": [
                "abi",
                "evm.bytecode",
                "evm.deployedBytecode",
                "evm.methodIdentifiers",
                "metadata"
              ],
              "": [
                "ast"
              ]
            }
          }
        }
      },
      "imports": [],
      "versionPragmas": [
        "^0.8.0"
      ],
      "artifacts": [
        "ReentrancyGuard"
      ]
    },
    "E:\\Golden\\Projects\\codeninja819\\golden-number\\node_modules\\@openzeppelin\\contracts\\token\\ERC20\\IERC20.sol": {
      "lastModificationDate": 1696821010328,
      "contentHash": "0eac3e1a83ee62326ca007811285b274",
      "sourceName": "@openzeppelin/contracts/token/ERC20/IERC20.sol",
      "solcConfig": {
        "version": "0.8.19",
        "settings": {
          "optimizer": {
            "enabled": false,
            "runs": 200
          },
          "outputSelection": {
            "*": {
              "*": [
                "abi",
                "evm.bytecode",
                "evm.deployedBytecode",
                "evm.methodIdentifiers",
                "metadata"
              ],
              "": [
                "ast"
              ]
            }
          }
        }
      },
      "imports": [],
      "versionPragmas": [
        "^0.8.0"
      ],
      "artifacts": [
        "IERC20"
      ]
    },
    "E:\\Golden\\Projects\\codeninja819\\golden-number\\node_modules\\@chainlink\\contracts\\src\\v0.8\\vrf\\VRFV2WrapperConsumerBase.sol": {
      "lastModificationDate": 1696821012732,
      "contentHash": "40eb3a349e57c6eaeacd654c535fb582",
      "sourceName": "@chainlink/contracts/src/v0.8/vrf/VRFV2WrapperConsumerBase.sol",
      "solcConfig": {
        "version": "0.8.19",
        "settings": {
          "optimizer": {
            "enabled": false,
            "runs": 200
          },
          "outputSelection": {
            "*": {
              "*": [
                "abi",
                "evm.bytecode",
                "evm.deployedBytecode",
                "evm.methodIdentifiers",
                "metadata"
              ],
              "": [
                "ast"
              ]
            }
          }
        }
      },
      "imports": [
        "../shared/interfaces/LinkTokenInterface.sol",
        "../interfaces/VRFV2WrapperInterface.sol"
      ],
      "versionPragmas": [
        "^0.8.0"
      ],
      "artifacts": [
        "VRFV2WrapperConsumerBase"
      ]
    },
    "E:\\Golden\\Projects\\codeninja819\\golden-number\\node_modules\\@uniswap\\v2-core\\contracts\\interfaces\\IUniswapV2Factory.sol": {
      "lastModificationDate": 1696857686344,
      "contentHash": "ec39b5372f4f4d52101b4da561e2aee6",
      "sourceName": "@uniswap/v2-core/contracts/interfaces/IUniswapV2Factory.sol",
      "solcConfig": {
        "version": "0.8.19",
        "settings": {
          "optimizer": {
            "enabled": false,
            "runs": 200
          },
          "outputSelection": {
            "*": {
              "*": [
                "abi",
                "evm.bytecode",
                "evm.deployedBytecode",
                "evm.methodIdentifiers",
                "metadata"
              ],
              "": [
                "ast"
              ]
            }
          }
        }
      },
      "imports": [],
      "versionPragmas": [
        ">=0.5.0"
      ],
      "artifacts": [
        "IUniswapV2Factory"
      ]
    },
    "E:\\Golden\\Projects\\codeninja819\\golden-number\\node_modules\\@uniswap\\v2-periphery\\contracts\\interfaces\\IUniswapV2Router01.sol": {
      "lastModificationDate": 1696857686414,
      "contentHash": "95d8729b2c698dc663322167b3c085fe",
      "sourceName": "@uniswap/v2-periphery/contracts/interfaces/IUniswapV2Router01.sol",
      "solcConfig": {
        "version": "0.8.19",
        "settings": {
          "optimizer": {
            "enabled": false,
            "runs": 200
          },
          "outputSelection": {
            "*": {
              "*": [
                "abi",
                "evm.bytecode",
                "evm.deployedBytecode",
                "evm.methodIdentifiers",
                "metadata"
              ],
              "": [
                "ast"
              ]
            }
          }
        }
      },
      "imports": [],
      "versionPragmas": [
        ">=0.6.2"
      ],
      "artifacts": [
        "IUniswapV2Router01"
      ]
    },
    "E:\\Golden\\Projects\\codeninja819\\golden-number\\node_modules\\@openzeppelin\\contracts\\utils\\Context.sol": {
      "lastModificationDate": 1696821010203,
      "contentHash": "851485d5b925529b1a2f34a0be077891",
      "sourceName": "@openzeppelin/contracts/utils/Context.sol",
      "solcConfig": {
        "version": "0.8.19",
        "settings": {
          "optimizer": {
            "enabled": false,
            "runs": 200
          },
          "outputSelection": {
            "*": {
              "*": [
                "abi",
                "evm.bytecode",
                "evm.deployedBytecode",
                "evm.methodIdentifiers",
                "metadata"
              ],
              "": [
                "ast"
              ]
            }
          }
        }
      },
      "imports": [],
      "versionPragmas": [
        "^0.8.0"
      ],
      "artifacts": [
        "Context"
      ]
    },
    "E:\\Golden\\Projects\\codeninja819\\golden-number\\node_modules\\@chainlink\\contracts\\src\\v0.8\\interfaces\\VRFV2WrapperInterface.sol": {
      "lastModificationDate": 1696821012734,
      "contentHash": "6848d0e769b460011d3edf1a2047cc51",
      "sourceName": "@chainlink/contracts/src/v0.8/interfaces/VRFV2WrapperInterface.sol",
      "solcConfig": {
        "version": "0.8.19",
        "settings": {
          "optimizer": {
            "enabled": false,
            "runs": 200
          },
          "outputSelection": {
            "*": {
              "*": [
                "abi",
                "evm.bytecode",
                "evm.deployedBytecode",
                "evm.methodIdentifiers",
                "metadata"
              ],
              "": [
                "ast"
              ]
            }
          }
        }
      },
      "imports": [],
      "versionPragmas": [
        "^0.8.0"
      ],
      "artifacts": [
        "VRFV2WrapperInterface"
      ]
    },
    "E:\\Golden\\Projects\\codeninja819\\golden-number\\node_modules\\@chainlink\\contracts\\src\\v0.8\\shared\\interfaces\\LinkTokenInterface.sol": {
      "lastModificationDate": 1696821012347,
      "contentHash": "d10c0d716a0f43bb442c14effc9bd39f",
      "sourceName": "@chainlink/contracts/src/v0.8/shared/interfaces/LinkTokenInterface.sol",
      "solcConfig": {
        "version": "0.8.19",
        "settings": {
          "optimizer": {
            "enabled": false,
            "runs": 200
          },
          "outputSelection": {
            "*": {
              "*": [
                "abi",
                "evm.bytecode",
                "evm.deployedBytecode",
                "evm.methodIdentifiers",
                "metadata"
              ],
              "": [
                "ast"
              ]
            }
          }
        }
      },
      "imports": [],
      "versionPragmas": [
        "^0.8.0"
      ],
      "artifacts": [
        "LinkTokenInterface"
      ]
    }
  }
}
